Date,Open,High,Low,Close,Volume,signal,bull_patterns,bear_patterns
2025-10-07,200.3999938964844,200.6000061035156,200.0,199.4555206298828,3385236.0,[],[],[]
2025-10-08,200.33999633789065,200.47999572753903,200.0,199.445541381836,3883181.0,[],[],[]
2025-10-09,200.0,200.2550048828125,199.8099975585937,199.4854278564453,3618268.0,[],[],[]
2025-10-10,200.0399932861328,200.38999938964844,199.8000030517578,199.4555206298828,3524147.0,[],[],[]
2025-10-13,200.0500030517578,200.6199951171875,200.0500030517578,199.72476196289065,2431568.0,[],[],[]
2025-10-14,200.1100006103516,200.77999877929688,200.03500366210932,199.635009765625,3145850.0,[],[],[]
2025-10-15,200.3099975585937,201.1100006103516,200.2899932861328,200.1834716796875,3807297.0,[],[],['shooting_star']
2025-10-16,200.75,201.1499938964844,200.2449951171875,199.7845916748047,2625790.0,[],[],[]
2025-10-17,200.5399932861328,200.7449951171875,200.1300048828125,199.73472595214844,4512065.0,[],[],[]
2025-10-20,200.5449981689453,200.7100067138672,200.3999938964844,200.02389526367188,2322808.0,[],[],[]
2025-10-21,200.509994506836,200.7050018310547,200.13999938964844,199.9840240478516,2619994.0,[],[],[]
2025-10-22,200.4600067138672,200.8699951171875,200.3099975585937,200.1834716796875,3836583.0,[],[],[]
2025-10-23,200.6499938964844,200.759994506836,200.4900054931641,200.0538330078125,3357439.0,[],[],[]
2025-10-24,200.66000366210932,200.8999938964844,200.52999877929688,200.273193359375,3406108.0,[],[],[]
2025-10-27,200.6300048828125,200.8999938964844,200.4499969482422,199.9341735839844,1939285.0,[],[],[]
2025-10-28,200.6100006103516,200.6699981689453,200.25,199.73472595214844,3019130.0,[],[],[]
2025-10-29,200.22000122070312,200.6000061035156,200.009994506836,199.635009765625,2166734.0,[],[],[]
2025-10-30,200.1999969482422,200.5800018310547,199.7400054931641,199.3557891845703,2144067.0,[],[],[]
2025-10-31,200.0399932861328,200.4499969482422,200.0,199.4954071044922,2267258.0,[],[],[]
2025-11-03,200.0500030517578,200.13999938964844,199.7550048828125,199.3258819580078,2618654.0,[],[],[]
2025-11-04,200.16000366210932,200.8099975585937,199.8099975585937,200.21337890625,1772238.0,[],[],[]
2025-11-05,200.52999877929688,200.9600067138672,200.3999938964844,200.17349243164065,1301623.0,[],[],[]
2025-11-06,200.5500030517578,200.9900054931641,200.3000030517578,199.8144989013672,1953206.0,[],[],[]
2025-11-07,200.57000732421875,200.7100067138672,200.3699951171875,200.0338897705078,1755971.0,[],[],[]
2025-11-10,200.6000061035156,201.52999877929688,200.5599975585937,200.8316192626953,1623203.0,[],[],['shooting_star']
2025-11-11,201.44000244140625,202.0500030517578,201.13999938964844,201.360107421875,1717609.0,[],[],[]
2025-11-12,201.6300048828125,202.22000122070312,201.13999938964844,201.429931640625,2634485.0,[],[],[]
2025-11-13,201.8000030517578,202.1000061035156,201.3300018310547,200.77178955078125,1727883.0,[],[],[]
2025-11-14,201.27999877929688,201.82000732421875,201.0500030517578,200.4925842285156,1767488.0,[],[],[]
2025-11-17,201.4199981689453,201.5,200.7100067138672,200.20339965820312,2944424.0,[],[],[]
2025-11-18,201.0,202.13999938964844,200.91000366210932,201.240478515625,2394511.0,[],[],[]
2025-11-19,201.3300018310547,202.1649932861328,201.3300018310547,201.01112365722656,2024769.0,[],[],[]
2025-11-20,201.6499938964844,202.2350006103516,201.0500030517578,200.5524139404297,1823512.0,[],[],[]
2025-11-21,201.3000030517578,201.5,200.5749969482422,200.1236267089844,3904708.0,[],[],[]
2025-11-24,201.0,201.91000366210932,200.9750061035156,200.4826202392578,3114537.0,[],[],[]
2025-11-25,201.3000030517578,201.95509338378903,201.2400054931641,201.0908966064453,1234267.0,[],[],[]
2025-11-26,201.8800048828125,202.0399932861328,201.71890258789065,201.35015869140625,1627257.0,[],[],[]
2025-11-28,201.8650054931641,202.2100067138672,201.75,201.4598388671875,896779.0,[],[],[]
2025-12-01,201.9900054931641,202.8600006103516,201.6999969482422,202.0481719970703,3570226.0,[],[],[]
2025-12-02,202.8099975585937,203.3999938964844,202.5399932861328,202.6664276123047,2288373.0,[],[],['shooting_star']
2025-12-03,202.92999267578125,203.3999938964844,202.8000030517578,202.8261260986328,1516973.0,[],[],['shooting_star']
2025-12-04,203.07000732421875,203.5800018310547,203.07000732421875,203.05569458007807,1625375.0,[],[],['shooting_star']
2025-12-05,203.32000732421875,204.009994506836,203.32000732421875,203.53477478027344,1936731.0,[],[],['shooting_star']
2025-12-08,204.1300048828125,204.63999938964844,203.4900054931641,203.1455078125,1534664.0,[],[],[]
2025-12-09,203.6499938964844,204.3999938964844,203.6000061035156,203.4349670410156,1886186.0,[],[],[]
2025-12-10,203.69000244140625,203.8000030517578,203.509994506836,203.1255645751953,2010119.0,[],[],[]
2025-12-11,203.5500030517578,204.3000030517578,203.3999938964844,203.2752685546875,2393218.0,[],[],[]
2025-12-12,203.8000030517578,203.9600067138672,203.5200042724609,203.3451385498047,2269883.0,[],[],[]
2025-12-15,203.9199981689453,204.47999572753903,203.72000122070312,203.8142547607422,3225089.0,[],[],['shooting_star']
2025-12-16,204.1499938964844,204.3300018310547,204.0500030517578,203.8142547607422,1667816.0,[],[],[]
2025-12-17,204.1499938964844,204.27999877929688,203.4900054931641,203.24533081054688,1964660.0,[],[],[]
2025-12-18,203.8000030517578,204.17990112304688,203.8000030517578,203.5148162841797,1467396.0,[],[],[]
2025-12-19,203.5800018310547,204.5,203.009994506836,203.53477478027344,5760577.0,[],[],[]
2025-12-22,204.19000244140625,204.1999969482422,203.75,203.405014038086,1194226.0,[],[],[]
2025-12-23,203.8699951171875,204.3800048828125,203.7899932861328,203.88414001464844,1450244.0,[],[],[]
2025-12-24,204.2400054931641,204.83999633789065,204.2400054931641,204.3931579589844,469489.0,[],[],['shooting_star']
2025-12-26,204.5800018310547,204.8000030517578,204.3800048828125,204.4031219482422,474397.0,[],[],['shooting_star']
2025-12-29,204.4600067138672,204.759994506836,204.259994506836,203.88414001464844,1388286.0,[],[],[]
2025-12-30,204.3000030517578,204.509994506836,204.2700042724609,203.9639892578125,760794.0,[],[],[]
2025-12-31,204.3500061035156,204.884994506836,204.25,203.9440155029297,1404090.0,[],[],[]
2026-01-02,204.3999938964844,204.72000122070312,204.259994506836,204.0238647460937,1944230.0,[],[],[]
2026-01-05,204.47999572753903,204.5599975585937,204.2899932861328,203.9739532470703,1975078.0,[],[],[]
2026-01-06,204.3600006103516,204.67999267578125,204.25,203.89410400390625,1551284.0,[],[],[]
2026-01-07,204.259994506836,204.509994506836,204.259994506836,204.1136779785156,1917735.0,[],[],[]
2026-01-08,204.3300018310547,204.4499969482422,204.1999969482422,203.834228515625,1548136.0,[],[],[]
2026-01-09,204.25,204.27999877929688,204.1000061035156,203.7144470214844,1251774.0,[],[],[]
2026-01-12,204.1000061035156,204.3999938964844,204.0500030517578,203.8641662597656,2744610.0,[],[],[]
2026-01-13,204.25,204.6000061035156,204.25,203.9440155029297,2179545.0,[],[],[]
2026-01-14,204.27999877929688,204.3699951171875,204.19000244140625,203.8142547607422,1261174.0,[],[],[]
2026-01-15,204.3000030517578,204.3699951171875,204.125,203.76434326171875,1214827.0,[],[],[]
2026-01-16,204.17999267578125,204.33999633789065,204.1499938964844,203.8641662597656,2067882.0,[],[],[]
2026-01-20,204.08999633789065,204.1999969482422,203.6999969482422,203.6146240234375,2599915.0,[],[],[]
2026-01-21,203.91000366210932,204.3000030517578,203.8500061035156,203.76434326171875,1446172.0,[],[],[]
2026-01-22,204.1499938964844,204.47999572753903,203.8500061035156,203.99392700195312,1935355.0,[],[],[]
2026-01-23,204.22999572753903,204.2700042724609,203.88999938964844,203.6146240234375,1644702.0,[],[],[]
2026-01-26,204.3099975585937,204.5,203.8999938964844,204.01388549804688,1991778.0,[],[],[]
2026-01-27,204.17999267578125,204.4199981689453,204.1100006103516,203.98391723632807,1283190.0,[],[],[]
2026-01-28,204.1999969482422,204.42999267578125,203.82000732421875,203.55474853515625,1754255.0,[],[],[]
2026-01-29,203.94000244140625,204.0399932861328,203.6199951171875,203.5647125244141,2661672.0,[],[],[]
2026-01-30,203.72000122070312,203.9949951171875,203.0500030517578,203.53477478027344,4233663.0,[],[],[]
2026-02-02,203.8099975585937,204.1499938964844,203.5500030517578,203.21539306640625,2064507.0,[],[],[]
2026-02-03,203.8300018310547,203.8500061035156,201.3000030517578,201.0095672607422,6727161.0,['RSI_OVERSOLD'],['RSI_OVERSOLD'],[]
2026-02-04,201.5200042724609,201.5599975585937,196.3999938964844,196.46815490722656,11261025.0,['rebound'],['rebound'],[]
2026-02-05,196.75,199.72999572753903,196.41000366210932,197.5560913085937,4006807.0,[],[],[]
2026-02-06,199.3999938964844,200.25,197.94000244140625,199.6221923828125,3744261.0,[],[],[]
2026-02-09,200.009994506836,202.0200042724609,199.8999938964844,200.49053955078125,4441480.0,[],[],[]
2026-02-10,202.16000366210932,203.3500061035156,201.17999267578125,202.1973114013672,2839645.0,[],[],[]
2026-02-11,202.5599975585937,202.8000030517578,201.2899932861328,201.8579559326172,2806067.0,[],[],[]
2026-02-12,202.5,202.78250122070312,200.1999969482422,200.0813140869141,4249740.0,[],[],[]
2026-02-13,200.0,201.0800018310547,199.97999572753903,200.2410125732422,2124569.0,[],[],[]
2026-02-17,200.6300048828125,200.75,199.1199951171875,199.153076171875,3742422.0,[],[],[]
2026-02-18,199.41000366210932,200.7400054931641,199.2700042724609,199.8517608642578,1905140.0,[],[],[]
2026-02-19,199.97999572753903,200.13999938964844,199.41000366210932,199.50241088867188,1310309.0,[],[],[]
2026-02-20,199.6999969482422,200.6000061035156,199.5749969482422,200.0214233398437,2255141.0,[],[],[]
2026-02-23,200.5,201.0,200.0399932861328,200.1012725830078,1874.0,[],[],[]
2026-02-24,200.47999572753903,201.2100067138672,200.1199951171875,200.62030029296875,1874.0,[],[],[]
2026-02-25,200.8099975585937,201.9900054931641,200.8099975585937,201.7891845703125,1750335.0,[],[],[]
2026-02-26,201.8300018310547,202.0,200.884994506836,200.88006591796875,1516863.0,[],[],[]
2026-02-27,200.69000244140625,201.27999877929688,200.2100067138672,200.3805389404297,2618784.0,[],[],[]
2026-03-02,200.25,201.5,200.2100067138672,200.8700561523437,2009830.0,[],[],[]
2026-03-03,200.509994506836,201.44000244140625,200.3500061035156,201.0299072265625,2228624.0,[],[],[]
2026-03-04,201.1300048828125,201.8650054931641,200.6100006103516,201.5394287109375,2061049.0,[],[],[]
2026-03-05,201.0200042724609,201.3999938964844,200.6100006103516,200.57034301757807,1942222.0,[],[],[]
2026-03-06,198.16000366210932,198.8000030517578,197.4682006835937,197.81295776367188,4944760.0,[],[],[]
2026-03-09,197.8500061035156,199.9600067138672,197.009994506836,199.08175659179688,1874.0,[],[],[]
2026-03-10,199.0,200.5599975585937,198.2622985839844,199.88101196289065,2261656.0,[],[],[]
2026-03-11,200.07000732421875,200.6100006103516,198.52999877929688,199.73114013671875,3607197.0,[],[],[]
2026-03-12,199.5500030517578,199.9199981689453,199.0500030517578,198.89193725585932,1772212.0,[],[],[]
2026-03-13,199.97999572753903,199.97999572753903,198.7700042724609,199.05178833007807,1385743.0,[],[],[]
2026-03-16,199.7100067138672,200.38999938964844,199.509994506836,200.0208740234375,1840702.0,[],[],[]
2026-03-17,200.0500030517578,200.88999938964844,199.8800048828125,199.94094848632807,1377481.0,[],[],[]
2026-03-18,200.2700042724609,201.0,200.15499877929688,200.4204864501953,2118915.0,[],[],[]
2026-03-19,200.6300048828125,200.82000732421875,200.009994506836,200.5004119873047,1629740.0,[],[],[]
2026-03-20,200.5,200.9750061035156,200.2100067138672,200.3205718994141,5139417.0,[],[],[]
2026-03-23,201.0599975585937,201.3999938964844,200.6300048828125,200.94000244140625,2886911.0,[],[],[]
2026-03-24,201.1499938964844,201.75,200.9600067138672,201.42953491210932,1976777.0,[],[],[]
2026-03-25,201.58999633789065,202.4600067138672,201.5,202.1488494873047,2279283.0,[],[],[]
2026-03-26,202.2400054931641,202.6199951171875,201.7700042724609,201.71926879882807,2864877.0,[],[],[]
2026-03-27,201.69000244140625,202.1300048828125,201.3000030517578,201.8191680908203,2001786.0,[],[],[]
2026-03-30,202.5,202.8300018310547,202.19000244140625,202.378646850586,1576707.0,[],[],[]
2026-03-31,202.8000030517578,203.8999938964844,202.6100006103516,203.67739868164065,3506127.0,[],[],[]
2026-04-01,203.3500061035156,204.1999969482422,202.9149932861328,203.3876800537109,2179657.0,[],[],[]
2026-04-02,202.9900054931641,203.63999938964844,202.9900054931641,203.4076690673828,872673.0,[],[],[]
2026-04-06,203.4600067138672,204.17999267578125,203.32000732421875,203.96713256835932,960984.0,[],[],[]
2026-04-07,203.77999877929688,204.0,203.6300048828125,203.75732421875,1265840.0,[],[],[]
2026-04-08,203.6999969482422,204.22000122070312,203.6999969482422,203.7973022460937,2123574.0,[],[],[]
2026-04-09,203.8999938964844,203.94000244140625,202.13999938964844,202.0089874267578,2371041.0,[],[],[]
2026-04-10,202.3500061035156,202.91549682617188,202.0500030517578,202.5484771728516,1542409.0,[],[],[]
2026-04-13,202.72999572753903,202.8500061035156,202.1199951171875,202.3686370849609,1367438.0,[],[],[]
2026-04-14,202.3999938964844,203.5200042724609,202.38999938964844,202.65838623046875,1344986.0,[],[],[]
2026-04-15,203.25,203.52999877929688,202.7700042724609,203.04800415039065,2134720.0,[],[],[]
2026-04-16,203.52999877929688,203.6499938964844,203.0800018310547,203.1778717041016,1558186.0,[],[],[]
2026-04-17,203.8300018310547,203.9199981689453,203.4949951171875,203.637451171875,1709756.0,[],[],[]
2026-04-20,203.72000122070312,204.0,203.13999938964844,203.1678924560547,1373703.0,[],[],[]
2026-04-21,203.1000061035156,203.5599975585937,203.0,203.3577117919922,1010617.0,[],[],[]
2026-04-22,203.77999877929688,203.8099975585937,202.6499938964844,202.58843994140625,1404974.0,[],[],[]
2026-04-23,202.77999877929688,202.96499633789065,202.2749938964844,202.31869506835932,1330369.0,[],[],[]
2026-04-24,202.634994506836,202.7449951171875,202.22000122070312,202.47854614257807,1125150.0,[],[],[]
2026-04-27,202.8099975585937,203.3600006103516,202.2100067138672,202.2587432861328,1833164.0,[],[],[]
2026-04-28,203.47000122070312,203.63999938964844,202.3099975585937,202.3386688232422,1715264.0,[],[],[]
2026-04-29,202.3099975585937,202.7949981689453,201.9499969482422,202.47854614257807,1327025.0,[],[],[]
2026-04-30,202.27999877929688,202.47999572753903,201.77999877929688,202.17881774902344,1791041.0,[],[],[]
2026-05-01,202.69000244140625,202.69000244140625,201.97000122070312,201.8990936279297,1250082.0,[],[],[]
2026-05-04,201.8699951171875,202.3000030517578,201.72000122070312,201.6293487548828,1429702.0,[],[],[]
2026-05-05,201.9499969482422,202.0800018310547,201.38999938964844,201.3795928955078,1401221.0,[],[],[]
2026-05-06,201.47999572753903,202.0599975585937,200.6000061035156,200.60031127929688,2845479.0,[],[],[]
2026-05-07,200.7400054931641,201.2700042724609,200.25,200.66026306152344,2215058.0,[],[],[]
2026-05-08,200.6499938964844,200.77999877929688,200.27999877929688,200.2506561279297,2738172.0,[],[],[]
2026-05-11,200.6000061035156,200.6000061035156,200.07000732421875,200.0308532714844,2373086.0,[],[],[]
2026-05-12,200.2400054931641,200.9199981689453,199.94000244140625,200.0008850097656,2134190.0,[],[],[]
2026-05-13,200.009994506836,200.44500732421875,199.4499969482422,199.9908905029297,2184329.0,[],[],[]
2026-05-14,199.8999938964844,200.8000030517578,199.8125,200.59033203125,1107187.0,[],[],[]
2026-05-15,200.15499877929688,200.8500061035156,200.1450042724609,200.4504547119141,1768682.0,[],[],[]
2026-05-18,200.1499938964844,201.57000732421875,200.0,200.86007690429688,2291883.0,[],[],[]
2026-05-19,201.2400054931641,201.7400054931641,201.0,201.50946044921875,1521653.0,[],[],[]
2026-05-20,201.3600006103516,201.72999572753903,200.77999877929688,201.39956665039065,1489032.0,[],[],[]
2026-05-21,201.3999938964844,201.9499969482422,201.19000244140625,201.6792907714844,1331369.0,[],[],[]
2026-05-22,201.7899932861328,201.8500061035156,200.72999572753903,200.7801513671875,2333935.0,[],[],[]
2026-05-26,200.60650634765625,201.1300048828125,200.4900054931641,200.94000244140625,1518094.0,[],[],[]
2026-05-27,200.8000030517578,201.41000366210932,200.5,200.67999267578125,1554399.0,[],[],[]
2026-05-28,200.509994506836,201.2749938964844,200.3600006103516,201.1499938964844,1640428.0,[],[],[]
2026-05-29,201.1499938964844,202.1100006103516,201.07000732421875,201.72000122070312,4180855.0,[],[],[]
2026-06-01,202.02999877929688,202.4600067138672,201.6100006103516,202.0,1500120.0,[],[],[]
2026-06-02,202.0,202.5,201.5399932861328,202.009994506836,1713329.0,[],[],[]
2026-06-03,202.0,202.8999938964844,201.8099975585937,202.6300048828125,1656277.0,[],[],[]
2026-06-04,202.8099975585937,203.7400054931641,202.7449951171875,203.3999938964844,2714941.0,[],[],[]
2026-06-05,203.8999938964844,203.8999938964844,202.7100067138672,203.0,2425408.0,[],[],['dark_cloud_cover']
2026-06-08,202.8800048828125,203.72999572753903,202.4900054931641,203.1999969482422,1530796.0,[],[],[]
2026-06-09,203.1999969482422,203.3300018310547,202.2700042724609,202.47999572753903,1335957.0,[],[],[]
2026-06-10,202.97000122070312,203.8000030517578,202.8699951171875,203.1999969482422,1561547.0,[],[],[]
2026-06-11,203.02999877929688,203.375,202.7400054931641,203.0500030517578,1590635.0,[],[],[]
2026-06-12,203.25,203.5,202.4949951171875,203.2700042724609,1690370.0,[],[],[]
2026-06-15,203.1450042724609,203.32000732421875,202.7550048828125,203.1199951171875,1092706.0,[],[],[]
2026-06-16,203.009994506836,203.3999938964844,202.8350067138672,203.0200042724609,927783.0,[],[],[]
2026-06-17,202.9600067138672,204.1999969482422,202.6999969482422,203.0200042724609,3134368.0,[],[],[]
2026-06-18,202.72000122070312,203.5,201.8000030517578,202.1499938964844,5918901.0,[],[],[]
2026-06-22,202.3300018310547,203.0,202.25,202.97000122070312,2119106.0,[],[],[]
2026-06-23,203.5599975585937,203.6499938964844,203.0200042724609,203.5200042724609,1971707.0,[],[],[]
2026-06-24,204.6999969482422,204.88999938964844,204.3600006103516,204.5200042724609,2957991.0,[],[],[]
2026-06-25,204.1199951171875,205.21499633789065,204.1199951171875,204.72999572753903,1926855.0,[],[],[]
2026-06-26,204.9900054931641,205.6898956298828,204.83999633789065,205.25,3121763.0,[],[],[]
2026-06-29,205.25,205.38999938964844,204.92999267578125,205.0500030517578,1432728.0,[],[],[]
2026-06-30,205.47999572753903,205.5050048828125,204.9499969482422,205.0399932861328,1809944.0,[],[],[]
2026-07-01,205.7550048828125,206.0,205.1499938964844,205.4499969482422,1725376.0,[],[],[]
2026-07-02,205.9499969482422,206.0,205.0,205.2100067138672,2302979.0,[],[],[]
2026-07-06,205.2400054931641,205.41000366210932,204.9199981689453,205.2100067138672,2439145.0,[],[],[]
2026-07-07,205.9129943847656,206.009994506836,205.3699951171875,205.44000244140625,1443720.0,[],[],[]
2026-07-08,206.0,206.0,204.8300018310547,204.88999938964844,1019575.0,[],[],[]
2026-07-09,204.8600006103516,206.5850067138672,204.8600006103516,206.55999755859372,1722406.0,[],[],[]
2026-07-10,206.5,206.6300048828125,206.25,206.41000366210935,1228558.0,[],[],[]
2026-07-13,206.5,206.82000732421875,206.2899932861328,206.3500061035156,1385499.0,[],[],[]
2026-07-14,206.3500061035156,206.8000030517578,206.125,206.6499938964844,1553116.0,[],[],[]
2026-07-15,206.5500030517578,207.76499938964844,205.9600067138672,207.2700042724609,4513126.0,[],[],[]
2026-07-16,207.50999450683597,207.85499572753903,207.1699981689453,207.83999633789065,2709293.0,[],[],[]
2026-07-17,209.19000244140625,209.19000244140625,208.8000030517578,208.8999938964844,3883020.0,[],[],[]
2026-08-04,209.9199981689453,210.1999969482422,209.6999969482422,209.6999969482422,48713698.0,[],[],['shooting_star']
2026-08-05,209.6999969482422,209.6999969482422,209.6999969482422,209.6999969482422,0.0,[],[],[]
2026-08-06,209.6999969482422,209.6999969482422,209.6999969482422,209.6999969482422,0.0,[],[],[]
2026-08-07,209.6999969482422,209.6999969482422,209.6999969482422,209.6999969482422,0.0,[],[],[]
2026-08-10,209.6999969482422,209.6999969482422,209.6999969482422,209.6999969482422,0.0,[],[],[]
